SKU,QUERY_1,QUERY_2,QUERY_3
1090000,Give me a detailed content about Hydraulic jack car products. To show on my website. It should be in a passage,Give me a detailed content about Hydraulic jack car products. To show on my website. It should be in a passage,Give me a detailed content about Hydraulic jack car products. To show on my website. It should be in a passage
1090001,Give me a detailed content about 3D car products. To show on my website. It should be in a passage,Give me a detailed content about 3D car products. To show on my website. It should be in a passage,Give me a detailed content about 3D car products. To show on my website. It should be in a passage
1090002,Give me a detailed content about 3M car products. To show on my website. It should be in a passage,Give me a detailed content about 3M car products. To show on my website. It should be in a passage,Give me a detailed content about 3M car products. To show on my website. It should be in a passage
1090003,Give me a detailed content about Abro car products. To show on my website. It should be in a passage,Give me a detailed content about Abro car products. To show on my website. It should be in a passage,Give me a detailed content about Abro car products. To show on my website. It should be in a passage
1090004,Give me a detailed content about Absorbs car products. To show on my website. It should be in a passage,Give me a detailed content about Absorbs car products. To show on my website. It should be in a passage,Give me a detailed content about Absorbs car products. To show on my website. It should be in a passage
1090005,Give me a detailed content about Flying Eagle car products. To show on my website. It should be in a passage,Give me a detailed content about Flying Eagle car products. To show on my website. It should be in a passage,Give me a detailed content about Flying Eagle car products. To show on my website. It should be in a passage
1090006,Give me a detailed content about ADW car products. To show on my website. It should be in a passage,Give me a detailed content about ADW car products. To show on my website. It should be in a passage,Give me a detailed content about ADW car products. To show on my website. It should be in a passage
1090007,Give me a detailed content about Ford car products. To show on my website. It should be in a passage,Give me a detailed content about Ford car products. To show on my website. It should be in a passage,Give me a detailed content about Ford car products. To show on my website. It should be in a passage
1090008,Give me a detailed content about Hyundai car products. To show on my website. It should be in a passage,Give me a detailed content about Hyundai car products. To show on my website. It should be in a passage,Give me a detailed content about Hyundai car products. To show on my website. It should be in a passage
1090009,Give me a detailed content about Aerofume car products. To show on my website. It should be in a passage,Give me a detailed content about Aerofume car products. To show on my website. It should be in a passage,Give me a detailed content about Aerofume car products. To show on my website. It should be in a passage
1090010,Give me a detailed content about Akrapovic car products. To show on my website. It should be in a passage,Give me a detailed content about Akrapovic car products. To show on my website. It should be in a passage,Give me a detailed content about Akrapovic car products. To show on my website. It should be in a passage
1090011,Give me a detailed content about All Make car products. To show on my website. It should be in a passage,Give me a detailed content about All Make car products. To show on my website. It should be in a passage,Give me a detailed content about All Make car products. To show on my website. It should be in a passage